{"mean": [3.193130755883792, 4.1737292848403955, 2.6117673228784337, 2.6124569013457903, 1.6944277610944276, 2.6037370704037364, 3.7638474885438438, 3.524480035591147, 2.032098765432099], "scale": [1.0304393752981396, 1.5829029189393105, 1.246231431032484, 1.2609363728352068, 1.4185231299109347, 1.197135211635327, 2.470506043251425, 1.5692872389211319, 0.3048016288043926]}